Index,T0-T1_en,T1-T2_en,T0-T1_es,T1-T2_es,T0-T1_fr,T1-T2_fr,T0-T1_de,T1-T2_de,src,origin,len
0,0.83057,1,0.847027,1,0,0,0.753269,0.914226,fr,en,141
1,0.69824,0.97963,0.783569,0.908302,0,0,0.704352,0.822784,fr,en,137
2,0.793994,0.972784,0.832323,0.963932,0,0,0.707897,0.891895,fr,en,121
3,0.894837,0.969623,0.72545,0.842605,0,0,0.70554,0.873053,fr,en,117
4,0.828548,0.959342,0.758798,0.964595,0,0,0.750366,0.840804,fr,en,121
